Project Title,Brief About the Project,Project Scope,Project Stage,Technology Stack,Required or Missing Skills,Project Timeline,Type of Dataset Used or Needed,Targeted Outcomes,Contributor Roles Required,Summary
AI-Powered Chatbot for Customer Support,Developing a chatbot using AI to improve customer support interactions and provide real-time solutions.,Implementing a conversational AI system that can handle multiple queries across various domains.,Ready for deployment,"['Natural Language Processing', 'Deep Learning', 'Python']","['Backend Development', 'Frontend Development', 'Chatbot Development']",Estimated completion in 6 months,"Chat logs, customer interaction datasets.",Enhance customer satisfaction by reducing response time and improving issue resolution.,"['AI Researcher', 'Software Developer', 'UI/UX Designer']","AI-Powered Chatbot for Customer Support | Developing a chatbot using AI to improve customer support interactions and provide real-time solutions. | Implementing a conversational AI system that can handle multiple queries across various domains. | Ready for deployment | ['Natural Language Processing', 'Deep Learning', 'Python'] | ['Backend Development', 'Frontend Development', 'Chatbot Development'] | Estimated completion in 6 months | Chat logs, customer interaction datasets. | Enhance customer satisfaction by reducing response time and improving issue resolution. | ['AI Researcher', 'Software Developer', 'UI/UX Designer']"
Image Recognition System for Healthcare,Creating an image recognition system to assist doctors in diagnosing diseases from medical scans.,Building a system capable of classifying and detecting abnormalities in medical imagery.,Completed prototype,"['Convolutional Neural Networks', 'TensorFlow', 'PyTorch']","['Data Annotation', 'Machine Learning', 'Medical Domain Knowledge']",Estimated completion in 4 months,"Labeled medical images such as X-rays, MRIs.",Assist healthcare professionals in diagnosing diseases with greater accuracy and speed.,"['Data Scientist', 'Healthcare Specialist', 'Software Engineer']","Image Recognition System for Healthcare | Creating an image recognition system to assist doctors in diagnosing diseases from medical scans. | Building a system capable of classifying and detecting abnormalities in medical imagery. | Completed prototype | ['Convolutional Neural Networks', 'TensorFlow', 'PyTorch'] | ['Data Annotation', 'Machine Learning', 'Medical Domain Knowledge'] | Estimated completion in 4 months | Labeled medical images such as X-rays, MRIs. | Assist healthcare professionals in diagnosing diseases with greater accuracy and speed. | ['Data Scientist', 'Healthcare Specialist', 'Software Engineer']"
AI-Driven Predictive Analytics for Sales,Building a predictive model to analyze sales trends and forecast future sales performance.,Developing models for demand forecasting and customer behavior prediction.,Idea stage,"['Machine Learning', 'Big Data', 'Cloud Computing']","['Data Engineering', 'Sales Expertise', 'Cloud Infrastructure Management']",Estimated completion in 8 months,"Sales records, customer interaction logs, and historical data.",Enable businesses to make data-driven decisions and improve revenue forecasting.,"['Data Engineer', 'Sales Analyst', 'Cloud Engineer']","AI-Driven Predictive Analytics for Sales | Building a predictive model to analyze sales trends and forecast future sales performance. | Developing models for demand forecasting and customer behavior prediction. | Idea stage | ['Machine Learning', 'Big Data', 'Cloud Computing'] | ['Data Engineering', 'Sales Expertise', 'Cloud Infrastructure Management'] | Estimated completion in 8 months | Sales records, customer interaction logs, and historical data. | Enable businesses to make data-driven decisions and improve revenue forecasting. | ['Data Engineer', 'Sales Analyst', 'Cloud Engineer']"
Natural Language Processing for Legal Document Analysis,Using NLP to extract key information and summarize legal documents efficiently.,Creating algorithms to parse and summarize large volumes of text data from legal documents.,Other (Specify),"['Natural Language Processing', 'Data Analytics', 'Machine Learning']","['NLP Algorithms', 'Data Analysis', 'Legal Knowledge']",Estimated completion in 7 months,Large corpora of legal texts and contracts.,"Streamline the process of analyzing legal documents, saving time and resources.","['NLP Specialist', 'Legal Consultant', 'Data Analyst']","Natural Language Processing for Legal Document Analysis | Using NLP to extract key information and summarize legal documents efficiently. | Creating algorithms to parse and summarize large volumes of text data from legal documents. | Other (Specify) | ['Natural Language Processing', 'Data Analytics', 'Machine Learning'] | ['NLP Algorithms', 'Data Analysis', 'Legal Knowledge'] | Estimated completion in 7 months | Large corpora of legal texts and contracts. | Streamline the process of analyzing legal documents, saving time and resources. | ['NLP Specialist', 'Legal Consultant', 'Data Analyst']"
Autonomous Drone Navigation Using AI,Designing an AI system to enable drones to autonomously navigate and avoid obstacles.,Building a system that integrates AI for real-time pathfinding and collision avoidance.,Completed prototype,"['Computer Vision', 'Reinforcement Learning', 'Autonomous Systems']","['Pathfinding Algorithms', 'Embedded Systems', 'AI Programming']",Estimated completion in 5 months,Simulated navigation environments and real-world drone telemetry data.,Improve drone safety and efficiency in navigation through complex environments.,"['AI Engineer', 'Robotics Specialist', 'Embedded Systems Developer']","Autonomous Drone Navigation Using AI | Designing an AI system to enable drones to autonomously navigate and avoid obstacles. | Building a system that integrates AI for real-time pathfinding and collision avoidance. | Completed prototype | ['Computer Vision', 'Reinforcement Learning', 'Autonomous Systems'] | ['Pathfinding Algorithms', 'Embedded Systems', 'AI Programming'] | Estimated completion in 5 months | Simulated navigation environments and real-world drone telemetry data. | Improve drone safety and efficiency in navigation through complex environments. | ['AI Engineer', 'Robotics Specialist', 'Embedded Systems Developer']"
AI-Powered Traffic Management System,Creating an AI system to optimize traffic flow and reduce congestion in urban areas.,Deploying AI to predict and manage traffic patterns using real-time data.,Idea stage,"['Machine Learning', 'Big Data', 'IoT']","['Traffic Engineering', 'AI Development', 'Data Analysis']",Estimated completion in 9 months,Traffic flow data from sensors and cameras.,Improve traffic efficiency and reduce travel times in cities.,"['AI Researcher', 'Urban Planner', 'Data Analyst']","AI-Powered Traffic Management System | Creating an AI system to optimize traffic flow and reduce congestion in urban areas. | Deploying AI to predict and manage traffic patterns using real-time data. | Idea stage | ['Machine Learning', 'Big Data', 'IoT'] | ['Traffic Engineering', 'AI Development', 'Data Analysis'] | Estimated completion in 9 months | Traffic flow data from sensors and cameras. | Improve traffic efficiency and reduce travel times in cities. | ['AI Researcher', 'Urban Planner', 'Data Analyst']"
Voice Recognition for Smart Home Devices,Developing a voice recognition system for seamless interaction with smart home devices.,Implementing algorithms for speech recognition and intent analysis.,Completed prototype,"['Speech Recognition', 'Deep Learning', 'Cloud Platforms']","['Speech Processing', 'Embedded Systems', 'Frontend Development']",Estimated completion in 6 months,Voice datasets for training speech recognition models.,Enable natural voice-based interactions with smart home ecosystems.,"['Software Engineer', 'Speech Recognition Expert', 'UI/UX Designer']","Voice Recognition for Smart Home Devices | Developing a voice recognition system for seamless interaction with smart home devices. | Implementing algorithms for speech recognition and intent analysis. | Completed prototype | ['Speech Recognition', 'Deep Learning', 'Cloud Platforms'] | ['Speech Processing', 'Embedded Systems', 'Frontend Development'] | Estimated completion in 6 months | Voice datasets for training speech recognition models. | Enable natural voice-based interactions with smart home ecosystems. | ['Software Engineer', 'Speech Recognition Expert', 'UI/UX Designer']"
AI-Enhanced Fraud Detection in Banking,Building AI models to detect and prevent fraudulent transactions in banking systems.,Creating advanced fraud detection models using machine learning.,Ready for deployment,"['Anomaly Detection', 'Machine Learning', 'Python']","['Fraud Analysis', 'Data Engineering', 'Model Deployment']",Estimated completion in 4 months,Banking transaction datasets with labeled fraud instances.,Minimize financial losses by identifying fraudulent activities in real-time.,"['Data Scientist', 'Fraud Analyst', 'Software Developer']","AI-Enhanced Fraud Detection in Banking | Building AI models to detect and prevent fraudulent transactions in banking systems. | Creating advanced fraud detection models using machine learning. | Ready for deployment | ['Anomaly Detection', 'Machine Learning', 'Python'] | ['Fraud Analysis', 'Data Engineering', 'Model Deployment'] | Estimated completion in 4 months | Banking transaction datasets with labeled fraud instances. | Minimize financial losses by identifying fraudulent activities in real-time. | ['Data Scientist', 'Fraud Analyst', 'Software Developer']"
Personalized Learning Platform Using AI,Designing a personalized learning platform that adapts to individual student needs using AI.,Leveraging AI to analyze learning patterns and customize educational content.,Other (Specify),"['Adaptive Learning Models', 'Natural Language Processing', 'Cloud Platforms']","['Educational Psychology', 'Machine Learning', 'Web Development']",Estimated completion in 7 months,Educational datasets including student learning histories.,Provide a tailored learning experience to enhance student outcomes.,"['Educational Specialist', 'AI Developer', 'Web Developer']","Personalized Learning Platform Using AI | Designing a personalized learning platform that adapts to individual student needs using AI. | Leveraging AI to analyze learning patterns and customize educational content. | Other (Specify) | ['Adaptive Learning Models', 'Natural Language Processing', 'Cloud Platforms'] | ['Educational Psychology', 'Machine Learning', 'Web Development'] | Estimated completion in 7 months | Educational datasets including student learning histories. | Provide a tailored learning experience to enhance student outcomes. | ['Educational Specialist', 'AI Developer', 'Web Developer']"
AI-Based Crop Yield Prediction System,Building a system to predict crop yields based on environmental and historical data.,Combining AI with data analytics to forecast agricultural productivity.,Completed prototype,"['Data Analytics', 'Machine Learning', 'IoT']","['Agricultural Science', 'Data Analytics', 'Machine Learning']",Estimated completion in 5 months,"Crop yield data, weather patterns, and soil information.",Help farmers make data-driven decisions to maximize crop yields.,"['Agronomist', 'Data Engineer', 'Machine Learning Specialist']","AI-Based Crop Yield Prediction System | Building a system to predict crop yields based on environmental and historical data. | Combining AI with data analytics to forecast agricultural productivity. | Completed prototype | ['Data Analytics', 'Machine Learning', 'IoT'] | ['Agricultural Science', 'Data Analytics', 'Machine Learning'] | Estimated completion in 5 months | Crop yield data, weather patterns, and soil information. | Help farmers make data-driven decisions to maximize crop yields. | ['Agronomist', 'Data Engineer', 'Machine Learning Specialist']"
